species,offspring
abrocoma cinerea,2.2
acanthorhynchus tenuirostris,2
acartia tonsa,35
accipiter cooperii,4.5
accipiter gentilis,3
accipiter nisus,4.5
accipiter striatus,4.5
acerodon jubatus,1
achatina fulica,200
acinonyx jubatus,2.1
acipenser fulvescens,350000
acomys cahirinus,3
acomys russatus,2.5
aconaemys fuscus,4
acridotheres tristis,4.5
acris gryllus,150
acrobates pygmaeus,3
acrocephalus arundinaceus,4.5
acrochordus granulatus,6
actitis hypoleucos,4
actitis macularius,20
addax nasomaculatus,1
aechmophorus occidentalis,3
aedes albopictus,122.5
aegithalos caudatus,10
aegolius acadicus,5
aegolius funereus,5
aegypius monachus,1
aepyceros melampus,1
aepyprymnus rufescens,1
aethia cristatella,1
aethia pusilla,1
aetobatus narinari,2
agamia agami,2
agapornis fischeri,6
agapornis personatus,5.5
agapornis roseicollis,5
agasicles hygrophila,1000
agelaioides badius,4
agelaius phoeniceus,4
agelaius tricolor,3
agkistrodon contortrix,6
agkistrodon piscivorus,7
ailuroedus crassirostris,2.5
ailuropoda melanoleuca,1.7
ailurops ursinus,1.5
ailurus fulgens,2
aimophila aestivalis,3.9
aimophila ruficeps,3
aix galericulata,10.5
aix sponsa,12
ajaia ajaja,3
akodon azarae,3.5
akodon cursor,3
akodon montensis,5
akodon philipmyersi,3
alauda arvensis,3
alca torda,1
alcedo atthis,6
alcelaphus buselaphus,1
alces alces,1
alces americanus,1
alectoris chukar,10.5
allactaga elater,4.5
allactaga euphratica,5
allactodipus bobrinskii,5.3
alle alle,1
allenopithecus nigroviridis,1
alligator mississippiensis,61.5
alligator sinensis,25
allocebus trichotis,1
alopias vulpinus,1.5
alopochen aegyptiaca,8.5
alosa chrysochloris,150000
alosa pseudoharengus,185000
alosa sapidissima,77
alouatta belzebul,1
alouatta caraya,1
alouatta guariba,1
alouatta palliata,1
alouatta pigra,1
alouatta seniculus,1
alpheus heterochaelis,101.5
altica subplicata,250
amandava amandava,5
amazilia saucerrottei,1.5
amazilia tzacatl,2
amazona aestiva,2.5
amazona autumnalis,3.5
amazona farinosa,3
amazona leucocephala,3
amazona ochrocephala,3
amazona vittata,3.5
ambloplites rupestris,2750
amblycercus holosericeus,3
amblyomma cajennense,20000
amblyopsis rosae,22.5
amblyornis macgregoriae,1.5
amblysomus hottentotus,2
ambystoma annulatum,150
ambystoma gracile,150
ambystoma maculatum,200
ambystoma mexicanum,200
ambystoma opacum,75
ambystoma talpoideum,450
ambystoma texanum,500
ambystoma tigrinum,37
ameiurus melas,3150
ameiurus natalis,500
ameiurus nebulosus,5025
ameiva ameiva,6
ammodorcas clarkei,1
ammodramus henslowii,4
ammodramus nelsoni,4
ammodramus savannarum,4.5
ammospermophilus harrisii,6.5
ammospermophilus interpres,9.5
ammospermophilus leucurus,8
ammospermophilus nelsoni,9
ammotragus lervia,1.01
amorphochilus schnablii,1
amphiprion akindynos,550
amphiprion clarkii,650
amphiprion frenatus,550
amphiprion percula,550
amphiprion perideraion,3000
amphispiza bilineata,3
amphiuma tridactylum,140
amyda cartilaginea,15.5
anarhynchus frontalis,2
anas acuta,8
anas americana,10
anas clypeata,11
anas crecca,10
anas cyanoptera,8
anas discors,10
anas falcata,8
anas flavirostris,6.5
anas formosa,7
anas fulvigula,9
anas laysanensis,4
anas penelope,9
anas platyrhynchos,9
anas rubripes,9.5
anas strepera,9
anastomus oscitans,3
anathana ellioti,3
anaxyrus americanus,6000
anaxyrus canorus,1750
anaxyrus cognatus,20000
anaxyrus quercicus,700
anaxyrus terrestris,2750
andrias japonicus,450
anelosimus eximius,35
anguilla anguilla,6000000
anguispira alternata,40
anhima cornuta,3
anhinga anhinga,4
anhinga melanogaster,3
anniella pulchra,2
anodorhynchus hyacinthinus,2
anolis carolinensis,7.5
anolis cristatellus,1
anomalurus beecrofti,1
anomalurus pusillus,2
anopheles quadrimaculatus,2100
anoplophora glabripennis,55
anoura geoffroyi,1
anous minutus,1
anser albifrons,5
anser anser,6
anser caerulescens,4
anser canagicus,5
anser cygnoides,5.5
anser fabalis,5
anser indicus,5.5
anseranas semipalmata,7
antaresia perthensis,4
antechinomys laniger,6
antechinus stuartii,7
antechinus swainsonii,8
antheraea polyphemus,3
anthopleura xanthogrammica,6000
anthrax albofasciatus,1900
anthropoides virgo,2
anthus spinoletta,4.5
anthus spragueii,4.5
antidorcas marsupialis,1.01
antilocapra americana,2
antilope cervicapra,1
antrozous pallidus,2
aonyx capensis,3
aonyx capensis congica,2.5
aonyx cinerea,2
aotus azarae,1.5
aotus lemurinus,1
aotus nancymaae,2
aotus nigriceps,1.5
aotus trivirgatus,1
apalone ferox,26
apalone mutica,20
apalone spinifera,23.5
aphelocoma californica,4.5
aphelocoma coerulescens,3.5
aphelocoma ultramarina,4.5
aphonopelma chalcodes,600
aphredoderus sayanus,250
apis mellifera,70000
aplodinotus grunniens,50000
aplodontia rufa,2.75
aplysia dactylomela,67000000
apodemus agrarius,5.7
apodemus sylvaticus,5.2
aptenodytes forsteri,1
aptenodytes patagonicus,1
apteryx australis,1
apteryx haastii,1
apus apus,2
aquila audax,2
aquila chrysaetos,2
aquila clanga,2
aquila pomarina,2
aquila rapax,2
ara ararauna,2.5
ara glaucogularis,2
ara macao,3
ara rubrogenys,2
aramides cajanea,5
aratinga nana,3.5
aratinga pertinax,4.5
aratinga solstitialis,3.5
arborimus longicaudus,2
archilochus colubris,23
arctictis binturong,2
arctocebus calabarensis,1
arctocephalus australis,1
arctocephalus forsteri,1
arctocephalus galapagoensis,1
arctocephalus gazella,1
arctocephalus philippii,1
arctocephalus pusillus,1
arctocephalus townsendi,1
arctocephalus tropicalis,1
arctonyx collaris,3
ardea alba,3.5
ardea cinerea,4
ardea goliath,3.5
ardea herodias,4
ardeotis kori,1.5
arenaeus cribrarius,408500
arenaria interpres,4
argiope aurantia,850
argulus foliaceus,125
argyroneta aquatica,325
arion lusitanicus,400
arizona elegans,8
armadillidium vulgare,100
artibeus jamaicensis,1
arvicanthis niloticus,5
arvicola amphibius,5
ascaphus truei,64.5
asellia tridens,1
asio flammeus,5.6
asio otus,5.5
aspidites melanocephalus,13
asterias amurensis,17500000
asterina gibbosa,1000
astrochelys yniphora,3.2
asturina nitida,1.2
atelerix albiventris,6
atelerix algirus,6.5
atelerix frontalis,4
ateles belzebuth,1
ateles fusciceps,1
ateles geoffroyi,1
ateles hybridus,1
ateles paniscus,1
athene cunicularia,6
athene noctua,3.3
atheris squamigera,8
atherurus africanus,1.5
atherurus macrourus,1.25
atilax paludinosus,2
atractosteus spatula,77000
aulacorhynchus prasinus,3.5
auriparus flaviceps,4
automeris io,300
avahi laniger,1
aviceda madagascariensis,2.5
axis axis,1.03
axis porcinus,1
aythya affinis,9
aythya americana,13
aythya collaris,9
aythya fuligula,9.5
aythya valisineria,8
babyrousa babyrussa,1.3
balaena mysticetus,1
balaeniceps rex,2
balaenoptera acutorostrata,1
balaenoptera bonaerensis,1
balaenoptera borealis,1
balaenoptera edeni,1
balaenoptera musculus,1
balaenoptera physalus,1
balearica regulorum,3
balionycteris maculata,1
barbastella barbastellus,2
basiliscus basiliscus,10
basiliscus vittatus,7.5
bassaricyon gabbii,1
bassariscus astutus,3
bassariscus sumichrasti,2
batrachoseps campi,12.5
bdeogale nigripes,1
beatragus hunteri,1
berardius bairdii,1
bettongia gaimardi,1
bettongia lesueur,1
bettongia penicillata,1
bison bison,1
bison bonasus,1
bitis gabonica,35
biziura lobata,4
blarina brevicauda,6
blarina carolinensis,4
blarina hylophaga,6.5
blarinomys breviceps,1
blastocerus dichotomus,1
blattella germanica,150
boisea trivittata,250
bolitotherus cornutus,1
bombina orientalis,147.5
bombycilla cedrorum,4
bombycilla garrulus,5
bonasa umbellus,11
bos frontalis,1
bos grunniens,1
bos javanicus,1
bos sauveli,1
bos taurus,1
boselaphus tragocamelus,1.3
bosmina longirostris,6
botaurus lentiginosus,4
bothriechis schlegelii,13
bothriopsis bilineata,9
bothrops asper,45.5
bothrops jararaca,12
brachycephalus ephippium,5
brachylagus idahoensis,6
brachypelma klaasi,600
brachypelma smithi,300
brachytarsomys albicauda,6
brachyteles arachnoides,1
bradypus pygmaeus,1
bradypus torquatus,1
bradypus tridactylus,1
bradypus variegatus,1
branta canadensis,5
branta leucopsis,4.5
branta sandvicensis,3
bubalus bubalis,1
bubalus depressicornis,1
bubalus mindorensis,1
bubalus quarlesi,1
bubo blakistoni,2
bubo bubo,3
bubo virginianus,3
bubulcus ibis,3
bucephala albeola,8
bucephala clangula,8.7
bucephala islandica,9
buceros bicornis,2
bucorvus abyssinicus,2
bucorvus leadbeateri,2
budorcas taxicolor,1
bugeranus carunculatus,1
bunolagus monticularis,1
bunopithecus hoolock,1.5
burramys parvus,3.5
buteo albonotatus,2
buteo brachyurus,2
buteo jamaicensis,3
buteo lagopus,4
buteo lineatus,3
buteo platypterus,2
buteo regalis,3
buteo swainsoni,3
buteogallus anthracinus,1
butorides sundevalli,6
butorides virescens,3
bycanistes subcylindricus,2
cabassous centralis,1
cabassous tatouay,1
cacajao calvus,1
cacajao melanocephalus,1
cacatua alba,2
cacatua galerita,2
cacatua leadbeateri,3.5
cacicus cela,1
caiman crocodilus,22
caiman latirostris,30
cairina moschata,27
calcarius ornatus,9
calidris alba,4
calidris alpina,4
calidris canutus rufa,4
calidris maritima,3.5
calidris pusilla,4
callaeas cinereus,6
callagur borneoensis,12
callicebus cupreus,1
callicebus donacophilus,1
callicebus moloch,1
callicebus personatus,1
callicebus torquatus,1
calligrapha philadelphica,275
callimico goeldii,1
callinectes sapidus,1
callipepla californica,14
callipepla gambelii,11
callisaurus draconoides,4
callithrix argentata,2
callithrix aurita,2
callithrix chrysoleuca,2
callithrix flaviceps,2
callithrix geoffroyi,2
callithrix humilis,1
callithrix jacchus,2
callithrix kuhlii,2
callithrix penicillata,2
callithrix pygmaea,2
callorhinchus milii,1.5
callorhinus ursinus,1.3
callosciurus finlaysonii,1
callosciurus notatus,2.2
callosciurus prevostii,1.8
calocitta formosa,3.5
calomyscus bailwardi,2.8
caluromys derbianus,3.3
caluromys philander,4.17
caluromysiops irrupta,2
calypte anna,2
calypte costae,2
calyptophractus retusus,4
cambarus diogenes,200
camelus bactrianus,1
camelus dromedarius,1
camponotus pennsylvanicus,10
campostoma anomalum,2500
campylopterus hemileucurus,2
campylorhynchus brunneicapillus,4
canachites canadensis,6
canis adustus,4
canis aureus,4.5
canis latrans,5.7
canis lupus,7
canis lupus dingo,5.4
canis lupus familiaris,6
canis mesomelas,3
canis rufus,4.5
canis simensis,4
cannomys badius,1.8
caperea marginata,1
capra caucasica,1.08
capra caucasica cylindricornis,1.2
capra falconeri,2
capra hircus,1.25
capra ibex,1.11
capra nubiana,1
capra pyrenaica,1.5
capra sibirica,1
capra walie,1
capreolus capreolus,1.6
capricornis crispus,1.01
capricornis sumatraensis,1
caprimulgus carolinensis,2
caprimulgus europaeus,3
caprimulgus vociferus,4
caprolagus hispidus,3.5
capromys pilorides,1.8
caracal caracal,3
carassius auratus,10000
carcharhinus albimarginatus,6
carcharhinus amblyrhynchos,3.5
carcharhinus falciformis,8
carcharhinus longimanus,8
carcharhinus plumbeus,8.5
carcharias taurus,1
carcharodon carcharias,7
cardinalis cardinalis,3
cardinalis sinuatus,3
cardioderma cor,1
cardisoma guanhumi,525000
carduelis tristis,5
caretta caretta,120
carollia perspicillata,1
carpiodes cyprinus,64000
carpodacus mexicanus,4
carpodacus purpureus,4.5
carybdea sivickisi,3000
carychium exiguum,3
castor canadensis,3.5
castor fiber,3
casuarius bennetti,5
casuarius casuarius,6
casuarius unappendiculatus,16
catagonus wagneri,2.4
cathartes aura,2
catharus guttatus,3
catharus minimus,4
catoptrophorus semipalmatus,4
catopuma temminckii,1
catostomus commersonii,35000
cavia aperea,2
cavia intermedia,1.5
cavia porcellus,3
cebus albifrons,1
cebus apella,1
cebus capucinus,1
cebus olivaceus,1
cebus xanthosternos,1
centrocercus minimus,7
centrocercus urophasianus,7
centrolene prosoblepon,35
centurio senex,1
cepaea nemoralis,23
cephalophus niger,1
cephalophus rufilatus,1
cephalophus silvicultor,1
cephalophus zebra,1
cephalorhynchus commersonii,1
cephalorhynchus eutropia,1
cephalorhynchus hectori,1
cepphus grylle,2
cerastes cerastes,15.5
ceratitis capitata,300
ceratophrys cornuta,450
ceratotherium simum,1
cercartetus caudatus,2.85
cercartetus concinnus,3.5
cercartetus nanus,4
cercocebus agilis,1
cercocebus atys,1
cercocebus galeritus,1
cercocebus torquatus,1
cercopithecus ascanius,1
cercopithecus cephus,1
cercopithecus diana,1
cercopithecus hamlyni,1.5
cercopithecus lhoesti,1
cercopithecus lomamiensis,1.5
cercopithecus mitis,1
cercopithecus mona,1
cercopithecus neglectus,1
cercopithecus nictitans,1
cercopithecus roloway,1
cercopithecus sclateri,1.5
cercopithecus wolfi,1
cerdocyon thous,4
certhia americana,5
certhia familiaris,5
cervus elaphus,1
cervus nippon,1
ceryle rudis,5
ceuthophilus latens,16
chaerephon pumilus,1
chaetodipus baileyi,3.5
chaetodipus californicus,4
chaetodipus fallax,3
chaetodipus formosus,6
chaetodipus nelsoni,3.2
chaetodipus penicillatus,4
chaetophractus nationi,2
chaetophractus villosus,2
chaetura pelagica,5
chaetura vauxi,5
charadrius alexandrinus,3
charadrius melodus,4
charadrius pecuarius,2
charadrius semipalmatus,4
charadrius vociferus,4
charina trivirgata,6.5
cheirogaleus major,2.2
cheirogaleus medius,2
cheiromeles torquatus,2
chelonia mydas,136
chelonoidis carbonaria,8.5
chelus fimbriatus,20
chelydra serpentina,83
chilonatalus micropus,1
chilonatalus tumidifrons,1
chinchilla chinchilla,1.45
chinchilla lanigera,2
chionoecetes opilio,86000
chironectes minimus,3.5
chiropotes albinasus,1
chiropotes satanas,1
chiroxiphia linearis,2
chlamydoselachus anguineus,7
chlidonias niger,3
chlorocebus aethiops,1
chlorocebus sabaeus,1
choeronycteris mexicana,1
choloepus didactylus,1
choloepus hoffmanni,1
chondestes grammacus,4
chordeiles minor,2
chromis cyanea,40000
chrosomus cumberlandensis,1540
chrosomus erythrogaster,3100
chrotogale owstoni,2
chrotopterus auritus,1
chrysemys picta,9.5
chrysocyon brachyurus,2.47
chrysospalax trevelyani,1.5
ciccaba nigrolineata,1.5
cicindela lepida,50
cicindela scutellaris,50
ciconia ciconia,5
ciconia nigra,4
cimex hemipterus,350
cinclus cinclus,4.5
circus cyaneus,4.4
cistothorus platensis,5
civettictis civetta,2.5
clangula hyemalis,8
clemmys guttata,3
clupea harengus,35000
coccinella septempunctata,440
coccinella transversoguttata,510
coccyzus americanus,2.5
coccyzus erythropthalmus,3.5
coendou prehensilis,1
colaptes auratus,4
colias eurytheme,700
colinus virginianus,13
colobus angolensis,1
colobus guereza,1
colobus polykomos,1
colobus satanas,1
colobus vellerosus,1
coluber constrictor,17.5
columba fasciata,1
columba livia,2
columbina inca,6
condylura cristata,5
conepatus chinga,3.5
conepatus humboldtii,5
conepatus leuconotus leuconotus,3
conepatus semistriatus,3.5
connochaetes gnou,1.02
connochaetes taurinus,1
contopus sordidulus,3
conuropsis carolinensis,3.5
conus geographus,2500
coracias cyanogaster,2.5
coragyps atratus,2
corallus caninus,10
cordylus cataphractus,1
coregonus hoyi,7500
corvus brachyrhynchos,4
corvus caurinus,4
corvus corax,5
corvus frugilegus,4
corydalus cornutus,3000
corynorhinus rafinesquii,1
corynorhinus townsendii,1
coryphaena hippurus,540000
cottus bairdii,328
cottus carolinae,475
coturnicops noveboracensis,7.5
coturnix adansonii,7.5
coturnix chinensis,10
coturnix coromandelica,5
coturnix coturnix,9.5
coturnix delegorguei,6
coturnix novaezelandiae,11
coturnix pectoralis,8.5
coturnix ypsilophora,11
couesius plumbeus,1600
craseonycteris thonglongyai,1
cricetomys gambianus,3.5
cricetus cricetus,7
crocidura leucodon,5
crocidura russula,6
crocodylus acutus,45
crocodylus mindorensis,25
crocodylus moreletii,30
crocodylus novaeguineae,27
crocodylus palustris,28
crocodylus porosus,65
crocuta crocuta,2
crossarchus obscurus,4
crossoptilon mantchuricum,13
crotalus atrox,14
crotalus horridus,10.4
crotalus molossus,6.7
crotalus tigris,5
crotalus unicolor,10
cryptobranchus alleganiensis,250
cryptomys damarensis,2.5
cryptomys hottentotus,2.86
cryptoprocta ferox,3
cryptotis meridensis,3
cryptotis parva,5
crypturellus boucardi,6.5
ctenodactylus gundi,1.9
ctenomys haigi,3
ctenomys pearsoni,3
ctenomys rionegrensis,3
ctenomys sociabilis,4
ctenomys talarum,4.55
culaea inconstans,137
culiseta melanura,165
cuniculus paca,1.5
cuniculus taczanowskii,1
cuon alpinus,3.5
cuora amboinensis,3
cuora flavomarginata,4
cuterebra emasculator,1000
cyanocitta cristata,4
cyanocitta stelleri,4
cyanocorax yncas,4
cyanopsitta spixii,2
cycleptus elongatus,200000
cyclopes didactylus,1
cyclura cornuta,10
cygnus atratus,5.5
cygnus buccinator,5
cygnus columbianus,5
cygnus cygnus,4.5
cygnus melancoryphus,4.6
cygnus olor,6
cynictis penicillata,2
cynocephalus volans,1
cynogale bennettii,2
cynomys gunnisoni,4.4
cynomys leucurus,5
cynomys ludovicianus,3
cynomys mexicanus,4
cynopterus brachyotis,1
cynopterus sphinx,1.2
cyprinus carpio,300000
cystophora cristata,1
dactylopsila trivirgata,1.5
dama dama,1
damaliscus lunatus,1
damaliscus pygargus,1
danio rerio,185
daphnia magna,8
dasyatis americana,4.2
dasyatis centroura,4
dasycercus cristicauda,7
dasyprocta fuliginosa,2
dasyprocta leporina,1
dasyprocta mexicana,1.5
dasyprocta punctata,1.9
dasyprocta ruatanica,1.5
dasypus hybridus,8
dasypus novemcinctus,4
dasypus septemcinctus,5
dasyuroides byrnei,5
dasyurus geoffroii,6
dasyurus hallucatus,6.8
dasyurus maculatus,5
dasyurus viverrinus,6
daubentonia madagascariensis,1
deinagkistrodon acutus,20
deirochelys reticularia,8.5
delphinapterus leucas,1
delphinus delphis,1
demodex folliculorum,22
dendragapus obscurus,14.5
dendraster excentricus,367500
dendroaspis polylepis,11.5
dendrobates auratus,6
dendrobates leucomelas,550
dendrobates tinctorius,7.5
dendrocopos leucotos,4
dendroctonus ponderosae,75
dendrogale murina,2
dendrohyrax arboreus,2
dendroica caerulescens,4
dendroica coronata,4
dendroica fusca,4
dendroica kirtlandii,5
dendroica magnolia,4
dendroica palmarum,4
dendroica pensylvanica,4
dendroica petechia,4.5
dendroica pinus,4
dendroica virens,4
dendrolagus bennettianus,1
dendrolagus goodfellowi,1
dendrolagus inustus,1
dendrolagus lumholtzi,1
dendrolagus matschiei,1
dendrolagus scottae,1
dendromus melanotis,4.6
dendromus mystacalis,3.5
dendrortyx barbatus,5
dermacentor andersoni,4000
dermatobia hominis,900
dermochelys coriacea,105
desmodus rotundus,1
desmognathus fuscus,28.6
desmognathus ochrophaeus,16
desmognathus wrighti,7.5
diadophis punctatus,6.5
diaemus youngi,1
dicamptodon tenebrosus,114.5
dicerorhinus sumatrensis,1
diceros bicornis,1
diclidurus albus,1
dicrostonyx groenlandicus,3.4
dicrurus paradiseus,3
didelphis albiventris,5
didelphis aurita,7
didelphis marsupialis,6
didelphis virginiana,15
dinomys branickii,2.4
diomedea epomophora,1
diomedea exulans,1
diphyllodes magnificus,2
dipodomys californicus,3
dipodomys compactus,2
dipodomys deserti,3
dipodomys elator,3
dipodomys heermanni,3.1
dipodomys merriami,2.3
dipodomys microps,2.4
dipodomys nitratoides,2.3
dipodomys ordii,3
dipodomys spectabilis,2
dipodomys venustus,3
dipsochelys dussumieri,14.5
dipsosaurus dorsalis,5.5
dispholidus typus,14
distoechurus pennatus,1
dolichonyx oryzivorus,5
dolichotis patagonum,2
dolichotis salinicola,1.5
dorcopsis luctuosa,1
dorcopsulus macleayi,1
dosidicus gigas,1200000
dromaius novaehollandiae,10
dromiciops gliroides,3
drymarchon couperi,7
dryocampa rubicunda,175
dryocopus pileatus,4
dryomys nitedula,3
dugesia tigrina,4
dugong dugon,1
duliticola hoiseni,200
dumetella carolinensis,3.5
dyacopterus spadiceus,1.5
echimys semivillosus,2
echinosorex gymnura,2
echymipera rufescens,2.8
edalorhina perezi,35
egretta caerulea,4
egretta thula,4.5
egretta tricolor,3.5
eidolon helvum,1
eira barbara,2
elanoides forficatus,2
elaphodus cephalophus,1
elaphurus davidianus,1.5
electrophorus electricus,1200
elephantulus brachyrhynchus,1.8
elephantulus intufi,1
elephantulus myurus,2
elephantulus rozeti,2
elephantulus rufescens,1
elephas maximus,1
eleutherodactylus coqui,27
eleutherodactylus planirostris,14.5
eliomys quercinus,4.5
eliurus minor,3
elysia crispata,1020
emballonura monticola,1
empidonax difficilis,4
empidonax flaviventris,3
empidonax traillii,4
empidonax virescens,6
emydoidea blandingii,10
emydura subglobosa,7
emys marmorata,6
engraulis mordax,25000
enhydra lutris,1
enterobius vermicularis,10000
enteroctopus dofleini,50000
eonycteris spelaea,1
epitheca princeps,1700
epomophorus gambianus,1
epomophorus wahlbergi,1
eptatretus stoutii,25
eptesicus fuscus,2
equus asinus,1
equus burchellii,1
equus caballus,1
equus grevyi,1
equus hemionus,0.5
equus hemionus onager,1
equus kiang,1
equus zebra,1
eremitalpa granti,1.5
eremobates pallipes,50
eremophila alpestris,4
erethizon dorsatum,1
eretmochelys imbricata,140
erignathus barbatus,1
erinaceus europaeus,1.5
erophylla sezekorni,1
erythrocebus patas,1
eschrichtius robustus,1
estrilda astrild,5
etheostoma baileyi,36
etheostoma barbouri,32.5
etheostoma blennioides,885
etheostoma caeruleum,800
etheostoma chlorosoma,615
etheostoma microperca,140
etheostoma nigrum,369.5
eubalaena australis,1
eubalaena glacialis,1
eubalaena japonica,1
eublepharis macularius,2
eubranchipus vernalis,38
euchoreutes naso,4
euderma maculatum,1
eudocimus albus,3
eudocimus ruber,2
eudorcas thomsonii,1
eudyptes chrysocome,1.5
eudyptes chrysolophus,2
eudyptula minor,2
eulemur cinereiceps,1
eulemur coronatus,1.5
eulemur fulvus,1
eulemur macaco,1
eulemur mongoz,1.1
eulemur rubriventer,1
eulemur rufus,1
eumetopias jubatus,1
eumomota superciliosa,3.5
eumops dabbenei,1
eumops glaucinus,1
eumops perotis,1
eunectes murinus,29
eunectes notaeus,40
euoticus elegantulus,1
euphausia superba,4
euphractus sexcinctus,2
euphydryas editha,185
euprymna scolopes,125
eurosta solidaginis,100
eurycea cirrigera,53
eurycea longicauda,85
eurycea wilderae,32
falco biarmicus,3.5
falco cherrug,4
falco columbarius,5
falco eleonorae,3
falco mexicanus,5
falco peregrinus,3
falco sparverius,5
falco tinnunculus,5
fascioloides magna,25000
fasciolopsis buski,16000
felis bieti,3
felis catus,18
felis chaus,3
felis manul,3.57
felis margarita,4
felis nigripes,1.71
felis silvestris,3.63
feresa attenuata,1
ficedula hypoleuca,6.5
forficula auricularia,42.5
fossa fossana,1
fratercula arctica,1
fratercula cirrhata,1
fratercula corniculata,1
fregata andrewsi,1
fregata magnificens,1
fregata minor,1
fringilla montifringilla,6
fulica americana,10
fulmarus glacialis,1
funambulus pennantii,3
fundulus sciadicus,37.5
furcifer pardalis,28
furipterus horrens,1
fusconaia ebena,10000
gadopsis marmoratus,300
galago alleni,1
galago demidoff,1
galago gabonensis,2
galago moholi,2
galago senegalensis,1.5
galago thomasi,1
galago zanzibaricus,1.3
galea musteloides,2.5
galemys pyrenaicus,4
galeocerdo cuvier,45
galeopterus variegates,1
galerella sanguinea,2
galictis cuja,3
galictis vittata,2
galidia elegans,1
galidictis fasciata,1
galidictis grandidieri,1
gallicolumba luzonica,2
gallinago gallinago,4
gallinula chloropus,9
gammarus fasciatus,15.5
garrulus glandarius,4.5
gasteracantha cancriformis,180
gastrocopta armifera,4.5
gavia adamsii,1.5
gavia arctica,2.5
gavia immer,2
gavia stellata,2
gavialis gangeticus,47.5
gazella bennettii,2
gazella dorcas,1
gazella gazella,1
gazella subgutturosa,2.5
genetta genetta,2
genetta tigrina,2.5
geocapromys brownii,1.49
geocapromys ingrahami,1
geochelone elegans,5.5
geococcyx californianus,4
geogale aurita,3.9
geomys arenarius,5
geomys bursarius,4
geomys pinetis,2
georychus capensis,5.9
gerbillus cheesmani,4.5
ginglymostoma cirratum,25
giraffa camelopardalis,1
glaucidium brasilianum,4
glaucomys sabrinus,3
glaucomys volans,3.5
glirulus japonicus,4
glis glis,5
globicephala macrorhynchus,1
globicephala melas,1
glossophaga commissarisi,1.5
glossophaga soricina,1
glyptemys muhlenbergii,3
gopherus agassizii,4
gopherus polyphemus,8
gorilla beringei,1
gorilla gorilla,1
gracilinanus agilis,12
grampus griseus,1
graphiurus murinus,3.5
graphiurus surdus,3
grapsus grapsus,60
graptemys barbouri,8.5
graptemys oculifera,3.66
graptemys pseudogeographica,14
gromphadorhina portentosa,27.5
grus americana,2
grus antigone,2
grus canadensis,2
grus japonensis,2
grus leucogeranus,2
gulo gulo,3
gymnobelideus leadbeateri,1.5
gymnogyps californianus,1
gymnuromys roberti,2
gypaetus barbatus,2
gyps bengalensis,1
gyps himalayensis,1
habronattus viridipes,100
haematobia irritans,18
haematopinus suis,90
haematopus palliatus,3.5
halcyon smyrnensis,5
haliaeetus leucocephalus,2
haliaeetus leucogaster,2
haliaeetus pelagicus,2
haliaeetus vocifer,2
halichoerus grypus,1
haliotis fulgens,5505000
hapalemur aureus,1
hapalemur griseus,1
haplonycteris fischeri,1
haplotrema concavum,20
harmonia axyridis,2730.5
harpia harpyja,1.5
harpyionycteris whiteheadi,1
helarctos malayanus,1.5
heliosciurus gambianus,3
helix pomatia,19
helogale parvula,3
helostoma temminkii,1000
hemibelideus lemuroides,1
hemicentetes nigriceps,5
hemicentetes semispinosus,6.3
hemidactylium scutatum,30
hemiechinus auritus,4
hemigalus derbyanus,1.5
hemitragus hylocrius,1
hemitragus jayakari,1
hemitragus jemlahicus,1.01
hepsetus odoe,6440
herpestes edwardsi,3
herpestes ichneumon,3
herpestes javanicus,2
herpetotheres cachinnans,1
hesperia leonardus,225
hesperia ottoe,215
heterocephalus glaber,7
heterodon nasicus,13
heterodon platirhinos,32.5
heterodontus portusjacksoni,12
heterohyrax brucei,1.9
heteronetta atricapilla,4
hexanchus griseus,65
hexaprotodon liberiensis,1
himantura chaophraya,1.5
hippocamelus antisensis,1
hippocampus barbouri,130
hippocampus ingens,1025
hippocampus kuda,510
hippocampus zosterae,29
hippodamia convergens,350
hippopotamus amphibius,1
hipposideros commersoni,1
hipposideros fulvus,1
hippotragus equinus,1
hippotragus niger,1
hirundo rustica,4
histrionicus histrionicus,6.5
histriophoca fasciata,1
homo sapiens,1
hoplomys gymnurus,2.1
hyaena brunnea,2.3
hyaena hyaena,2.5
hydrochoerus hydrochaeris,4
hydromys chrysogaster,3.8
hydropotes inermis,2.7
hydrurga leptonyx,1
hyemoschus aquaticus,1.25
hyla chrysoscelis,1500
hyla cinerea,400
hyla gratiosa,2000
hyla versicolor,1500
hylobates agilis,1
hylobates klossii,1
hylobates lar,1
hylobates moloch,1
hylobates muelleri,1
hylobates pileatus,1
hylochoerus meinertzhageni,5
hylocichla mustelina,3
hylonycteris underwoodi,1
hymenolaimus malacorhynchos,5.5
hyperolius marmoratus,350
hyperolius viridiflavus,447
hyperoodon ampullatus,1
hypogeomys antimena,1
hypsibius dujardini,3.5
hypsiglena torquata,3
hypsignathus monstrosus,1.3
hypsiprymnodon moschatus,2
hypsypops rubicundus,47500
hystrix africaeaustralis,1.5
hystrix cristata,2.3
hystrix indica,2
hystrix pumila,1
ichneumia albicauda,2.3
ichthyomyzon castaneus,20000
ichthyomyzon fossor,1200
ichthyomyzon gagei,1700
ictalurus furcatus,10000
ictalurus punctatus,26500
icteria virens,4.5
icterus bonana,2.5
icterus bullockii,4
icterus chrysater,2.5
icterus cucullatus,4
icterus dominicensis,3.5
icterus galbula,4
icterus graduacauda,4
icterus gularis,4.9
icterus icterus,3
icterus laudabilis,2.5
icterus leucopteryx,4
icterus melanopsis,3
icterus mesomelas,2
icterus northropi,3
icterus oberi,3
icterus parisorum,3
icterus pectoralis,3
icterus prosthemelas,3
icterus pustulatus,3.5
icterus spurius,4
ictinia mississippiensis,2
ictonyx striatus,2
idionycteris phyllotis,1
idiosepius paradoxus,55
idiurus zenkeri,3
iguana iguana,20
imantodes cenchoa,2
indicator indicator,6
indri indri,1
inia geoffrensis,1
isoodon auratus,3
isoodon macrourus,4
isoodon obesulus,2.73
istiophorus platypterus,1200000
isurus oxyrinchus,9
ixodes scapularis,810
ixoreus naevius,3
jabiru mycteria,3.14
jacana spinosa,4
jaculus jaculus,3
jaculus orientalis,3
junco hyemalis,4
kannabateomys amblyonyx,1.7
kerivoula lanosa,1.5
kerivoula picta,1
kerodon rupestris,1.5
kinosternon flavescens,4
kobus ellipsiprymnus,1
kobus kob,1
kobus leche,1
kobus megaceros,1
kobus vardonii,1
kogia breviceps,1
kogia sima,1
labidomera clivicollis,180
lachesis muta,10
lagenodelphis hosei,1
lagenorhynchus acutus,1
lagenorhynchus australis,1
lagenorhynchus cruciger,1
lagenorhynchus obliquidens,1
lagenorhynchus obscurus,1
lagidium peruanum,1
lagidium viscacia,1.5
lagopus lagopus,9
lagorchestes hirsutus,1
lagostomus maximus,2
lagostrophus fasciatus,1
lagothrix lagotricha,1
lagurus lagurus,4.5
lama glama,1
lama guanicoe,1
lama pacos,1.04
lamna ditropis,4.5
lamna nasus,4
lampornis clemenciae,2
lampropeltis getula,10
lampropeltis triangulum,10
lampropeltis zonata,7
lanius excubitor,7
lanius ludovicianus,5
larinioides cornutus,4
larus argentatus,3
larus atricilla,3
larus californicus,3
larus canus,3
larus delawarensis,3
larus glaucescens,3
larus philadelphia,3
larus pipixcan,2
larus ridibundus,3
lasioderma serricorne,5.2
lasionycteris noctivagans,2
lasiorhinus krefftii,1
lasiorhinus latifrons,1
lasiurus blossevillii,3.2
lasiurus borealis,2
lasiurus cinereus,2
lasiurus ega,3
lasiurus intermedius,2.5
lasiurus seminolus,3.3
lates calcarifer,17250000
lates niloticus,9000000
laticauda colubrina,12
latrodectus hasselti,2500
latrodectus mactans,463.5
lavia frons,1
legatus leucophaius,3
leiopelma hamiltoni,13
leiurus quinquestriatus,62.7
lemmiscus curtatus,5
lemmus lemmus,7
lemniscomys barbarus,5.5
lemur catta,1.1
leontopithecus caissara,2
leontopithecus chrysopygus,2
leontopithecus rosalia,2
leopardus geoffroyi,2.57
leopardus guigna,2.5
leopardus pardalis,1.63
leopardus tigrinus,1
leopardus wiedii,2
lepidochelys kempii,110
lepilemur edwardsi,1
lepilemur leucopus,1
lepilemur mustelinus,1
lepilemur septentrionalis,1
lepisosteus oculatus,7780.5
lepisosteus osseus,30000
lepisosteus platyrhincus,6000
lepomis cyanellus,50000
lepomis macrochirus,50000
lepomis megalotis,1468.5
lepomis microlophus,44500
leporillus conditor,4
leptailurus serval,2.5
leptinotarsa decemlineata,550
leptodeira septentrionalis,9
leptonychotes weddellii,1
leptonycteris nivalis,1
leptonycteris yerbabuenae,1
leptoptilos crumeniferus,2
leptoptilos dubius,3
leptotyphlops dulcis,4
lepus alleni,2
lepus americanus,2.82
lepus arcticus,5.8
lepus californicus,2.26
lepus callotis,2.2
lepus capensis,2.6
lepus corsicanus,3.5
lepus europaeus,4
lepus insularis,3.5
lepus nigricollis,1.84
lepus oiostolus,1.8
lepus othus,5
lepus saxatilis,1.6
lepus tibetanus,2
lepus timidus,1.88
lepus townsendii,5
limnodynastes peronii,850
limnogale mergulus,3
limosa fedoa,4
lipotes vexillifer,1
lithobates catesbeianus,20000
lithobates clamitans,3000
lithobates pipiens,3400
lithobates sylvaticus,2000
lithobates virgatipes,400
litocranius walleri,1
lobesia botrana,110
lobodon carcinophaga,1
loligo forbesii,18500
lontra canadensis,2.5
lontra felina,2
lontra longicaudis,2.5
lontra provocax,1.5
lophelia pertusa,3000
lophiomys imhausi,1.75
lophocebus albigena,1
lophodytes cucullatus,11
loris lydekkerianus,1.5
loris tardigradus,1.3
lota lota,750000
loxia curvirostra,3
loxodonta africana,1
loxodonta cyclotis,1
loxops coccineus,2
luscinia megarhynchos,4.63
lutra lutra,2
lutreolina crassicaudata,8
lutrogale perspicillata,5
luxilus coccogenis,750
lycalopex culpaeus,5.2
lycalopex fulvipes,2.5
lycalopex griseus,4
lycalopex gymnocercus,2.5
lycalopex vetulus,3
lycaon pictus,8
lymantria dispar,1000
lynx canadensis,2
lynx lynx,2.5
lynx pardinus,2.5
lynx rufus,3
macaca arctoides,1
macaca cyclopis,1
macaca fascicularis,1
macaca fuscata,1
macaca mulatta,1
macaca nemestrina,1
macaca nigra,1
macaca radiata,1
macaca silenus,1
macaca sinica,0.69
macaca sylvanus,1
macrochelys temminckii,30
macroderma gigas,1
macroglossus sobrinus,1
macropus agilis,1
macropus antilopinus,1
macropus dorsalis,1
macropus eugenii,1
macropus fuliginosus,1
macropus giganteus,1
macropus irma,1
macropus parma,1
macropus parryi,1
macropus robustus,1
macropus rufogriseus,1
macropus rufus,1
macroscelides proboscideus,2
macrotis lagotis,1.5
macrotus californicus,1
madoqua guentheri,1
madoqua kirkii,1
madoqua saltiana,1
malaclemys terrapin,9
malacosoma americanum,250
mandrillus leucophaeus,1
mandrillus sphinx,1
manis crassicaudata,1
manis culionensis,1
manis javanica,1
manis pentadactyla,1
manis temminckii,1
manis tetradactyla,1
manis tricuspis,1
manouria emys,39
manta alfredi,1
mantella aurantiaca,21
margaritifera margaritifera,2000000.5
marmosa isthmica,8.5
marmosa mexicana,7.5
marmosa zeledoni,10
marmota bobak,5
marmota broweri,4
marmota caligata,3.3
marmota camtschatica,5
marmota caudata,4.5
marmota flaviventris,4.32
marmota himalayana,6
marmota marmota,4
marmota monax,4.5
marmota olympus,4
marmota sibirica,6
marmota vancouverensis,3.6
martes americana,2.6
martes flavigula,2.5
martes foina,2.5
martes martes,4
martes melampus,1.5
martes pennanti,3
martes zibellina,2.5
mastigoproctus giganteus,35
mazama americana,1.2
mazama gouazoubira,1
mecistops cataphractus,15
megaceryle alcyon,7
megachile latimanus,28
megachile rotundata,25
megaderma lyra,1
megadyptes antipodes,2
megalonaias nervosa,500500
megaptera novaeangliae,1
melanerpes carolinus,4
melanerpes erythrocephalus,5
melanerpes formicivorus,4
melanitta nigra,7.5
meleagris gallopavo,11
meleagris ocellata,12
meles anakuma,3
meles leucurus,3
meles meles,3
melierax canorus,2
melittobia australica,10.9
mellisuga helenae,1.5
mellivora capensis,1
melogale everetti,3
melogale moschata,2.5
melogale personata,3
melopsittacus undulatus,5
melospiza georgiana,4
melospiza melodia,4
melursus ursinus,1.5
menippe mercenaria,580000
mephitis macroura,4
mephitis mephitis,5.5
merganetta armata,3
mergus merganser,10
mergus serrator,9.5
meriones crassus,3.5
meriones libycus,5
meriones unguiculatus,5
mermis nigrescens,2000
merops apiaster,5
merops ornatus,4.5
mesocricetus auratus,10
mesoplodon bidens,1
mesoplodon carlhubbsi,1
mesoplodon densirostris,1
mesoplodon grayi,1
mesoplodon hectori,1
mesoplodon layardii,1
mesoplodon stejnegeri,1
metachirus nudicaudatus,5
micrathene whitneyi,2
microcavia australis,3
microcebus murinus,2
microcebus myoxinus,1.5
microcebus rufus,2.5
microdipodops megacephalus,4
microdipodops pallidus,4.5
microgale brevicaudata,4.5
microgale cowani,4
microgale dobsoni,2.67
microgale dryas,2.5
microgale longicaudata,2
microgale talazaci,2
microlophus albemarlensis,2
micromys minutus,5.2
micropotamogale ruwenzorii,1.5
micropterus salmoides,3000
microtus californicus,6
microtus longicaudus,5.22
microtus ochrogaster,3.8
microtus oeconomus,6.9
microtus pennsylvanicus,5.5
microtus pinetorum,5
microtus richardsoni,5.8
microtus xanthognathus,8.8
milnesium tardigradum,6.5
milvus migrans,2.5
milvus milvus,2
mimon crenulatum,1
mimus polyglottos,4
miniopterus australis,1
miniopterus schreibersii,1.5
miopithecus talapoin,1
mirounga angustirostris,1
mirounga leonina,1
misumenops celer,290
mniotilta varia,5
mola mola,300000000
moloch horridus,6.5
molossops temminckii,1
molothrus ater,38.5
monachus monachus,1
monachus schauinslandi,1
monachus tropicalis,1
monodelphis brevicaudata,7
monodelphis domestica,9
monodon monoceros,1
morelia viridis,19
morone saxatilis,1750000
morus bassanus,1
morus capensis,1
moschus chrysogaster,1
moschus fuscus,1.5
moschus leucogaster,1.5
moschus moschiferus,1.5
mugil cephalus,1250000
mungos mungo,2.5
mungotictis decemlineata,1
muntiacus atherodes,1
muntiacus crinifrons,1
muntiacus feae,1
muntiacus gongshanensis,1
muntiacus muntjak,1.17
muntiacus reevesi,1
muntiacus vuquangensis,1
murina cyclotis,2
murina suilla,1
mus musculus,5
musca domestica,112.5
muscardinus avellanarius,4
mustela altaica,4.5
mustela erminea,6.5
mustela eversmanii,9
mustela frenata,6.2
mustela itatsi,5
mustela kathiah,10.5
mustela lutreola,4
mustela nigripes,3
mustela nivalis,5
mustela putorius,5
mustela putorius furo,15
mustela sibirica,5
mustela subpalmata,6.5
mycteria americana,3
mycteria leucocephala,3.5
mydaus javanensis,2.5
myiarchus cinerascens,4
myiarchus crinitus,5
myiopsitta monachus,7
myocastor coypus,5.75
myodes californicus,3
myodes gapperi,5
myodes glareolus,6
myodes rutilus,5.4
myoprocta acouchy,2
myoprocta pratti,2
myopus schisticolor,4.6
myosciurus pumilio,2
myosorex varius,3
myotis auriculus,1
myotis austroriparius,2
myotis californicus,1
myotis daubentonii,1
myotis evotis,1
myotis grisescens,1
myotis keenii,1
myotis leibii,1
myotis lucifugus,1
myotis myotis,1
myotis mystacinus,1
myotis septentrionalis,1
myotis sodalis,1
myotis thysanodes,1
myotis velifer,1
myotis vivesi,1
myotis volans,1
myotis yumanensis,1
myoxocephalus thompsonii,481
myrmecobius fasciatus,4
myrmecophaga tridactyla,1
mystacina robusta,1
mystacina tuberculata,1
mystromys albicaudatus,2.9
mytilus edulis,7000000
naemorhedus caudatus,1
naemorhedus goral,1
nandinia binotata,2
nanger dama,1
nanger granti,1
nannostomus trifasciatus,50
napaeozapus insignis,4.5
narceus americanus,1
nasalis larvatus,1
nasua narica,4.17
nasua nasua,4
nasuella olivacea,4.5
natalus stramineus,1
necromys lasiurus,4.5
nectomys squamipes,5
necturus lewisi,75
necturus maculosus,99
necturus punctatus,35
negaprion brevirostris,10.5
neoceratodus forsteri,75
neochmia ruficauda,5
neofelis diardi,2
neofelis nebulosa,2
neogobius melanostomus,1965
neomys fodiens,5
neonympha mitchellii,107
neophoca cinerea,1
neophocaena phocaenoides,1
neophron percnopterus,1.9
neopsephotus bourkii,4.5
neotoma albigula,2
neotoma cinerea,3.68
neotoma floridana,3
neotoma lepida,2.7
neotoma macrotis,2.5
neotoma magister,2.8
neotoma mexicana,3.5
neotomodon alstoni,3
neotragus batesi,1
neotragus moschatus,1
neotrypaea californiensis,800
neovison vison,4.5
nerodia erythrogaster,17.7
nerodia fasciata,20
nerodia sipedon,51.5
nesofregetta fuliginosa,1
nesopsar nigerrimus,2
nestor notabilis,3
netta rufina,10
neurergus kaiseri,52.5
neurotrichus gibbsii,3
neusticomys monticolus,1.5
nicrophorus americanus,23
nimbochromis linni,27.5
ningaui yvonnae,6
nipponia nippon,3
noctilio albiventris,1
noctilio leporinus,1
nomascus concolor,1
nomascus gabriellae,1
nomascus hainanus,1
nomascus leucogenys,1
norops sagrei,1
notemigonus crysoleucas,200000
notomys alexis,3.9
notophthalmus viridescens,300
notoryctes caurinus,1.5
notoryctes typhlops,2
notorynchus cepedianus,88.5
notropis anogenus,902.5
notropis longirostris,91.5
notropis topeka,453
noturus exilis,75
noturus flavipinnis,89
noturus flavus,300
noturus miurus,80
nucifraga columbiana,3
nyctalus leisleri,1.5
nyctalus noctula,1.5
nyctanassa violacea,4
nyctea scandiaca,6
nyctereutes procyonoides,6.33
nycteris grandis,1
nycteris hispida,1
nycteris thebaica,1
nyctibius grandis,1
nycticebus coucang,1
nycticebus pygmaeus,2
nycticeius humeralis,2
nycticorax nycticorax,4
nyctiellus lepidus,1
nyctimene albiventer,1
nyctinomops laticaudatus,1
nyctinomops macrotis,1
nyctophilus geoffroyi,1.5
nymphicus hollandicus,5
ochotona cansus,4.5
ochotona collaris,2.2
ochotona curzoniae,4.8
ochotona hyperborea,3.5
ochotona macrotis,4.08
ochotona pallasi,6.5
ochotona princeps,3
ochotona pusilla,8.5
ochotona roylei,3
ochotona rufescens,9
ochotona rutila,4.2
ochrotomys nuttalli,2.7
octodon degus,6
octopus bimaculatus,70000
octopus vulgaris,300000
odobenus rosmarus,1
odocoileus hemionus,1.5
odocoileus virginianus,2
oeneis uhleri,2
okapia johnstoni,1
ommatophoca rossii,1
oncorhynchus clarkii,1500
oncorhynchus gilae,150
oncorhynchus mykiss,3500
oncorhynchus nerka,126.5
oncorhynchus tshawytscha,8500
ondatra zibethicus,6.7
onychogalea fraenata,1
onychomys arenicola,4.5
onychomys leucogaster,4
onychomys torridus,3.7
oophaga pumilio,4.6
opheodrys aestivus,6.2
opheodrys vernalis,8
ophiodon elongatus,270000
oporornis agilis,4
oporornis tolmiei,4
orcaella brevirostris,1
orcaella heinsohni,1
orcinus orca,1
oreamnos americanus,1
orectolobus maculatus,20
oreotragus oreotragus,1
ornithorhynchus anatinus,2
orthogeomys cavator,2
orthogeomys grandis,6
orthogeomys heterodus,2
ortyxelos meiffrenii,2
orycteropus afer,1
oryctolagus cuniculus,6
oryx dammah,1
oryx gazella,1
oryx leucoryx,1
oryzomys albigularis,3
oryzomys galapagoensis,4
oryzorictes hova,3
otaria flavescens,1
otocyon megalotis,3.2
otolemur crassicaudatus,1.5
otolemur garnettii,1
otus asio,3.5
otus flammeolus,3
otus kennicottii,3
otus trichopsis,3
ourebia ourebi,1
ovibos moschatus,1
ovis ammon,1
ovis aries,1.3
ovis aries vignei,1.5
ovis canadensis,1.36
ovis dalli,1
oxyura jamaicensis,8
oxyura leucocephala,5.5
ozotoceros bezoarticus,1
pachyornis mappini,1
pachyuromys duprasi,4.5
pagophilus groenlandicus,1
paguma larvata,2.3
pagurus bernhardus,250
palaemonetes paludosus,85
paleosuchus palpebrosus,17.5
paleosuchus trigonatus,15
pan paniscus,1
pan troglodytes,1
pandinus imperator,11
pandion haliaetus,3
panthera leo,3
panthera onca,2
panthera pardus,2
panthera tigris,2.65
pantherophis gloydi,18
pantherophis guttatus,12.5
pantherophis obsoletus,16
pantherophis vulpinus,17.5
pantholops hodgsonii,1
panulirus argus,1025000
panulirus interruptus,425000
papilio polytes,225
papilio polyxenes,320
papio anubis,1
papio cynocephalus,1
papio hamadryas,1
papio papio,1
papio ursinus,1
pappogeomys bulleri,6.5
parabuteo unicinctus,6
paracheirodon axelrodi,500
paradoxurus hermaphroditus,3
paraechinus aethiopicus,4.5
paraechinus micropus,1.5
paralithodes camtschaticus,275000
parantechinus apicalis,8
parascalops breweri,4
pardofelis marmorata,2
pardosa mackenziana,48
pardosa milvina,100
parula americana,4.5
parus atricapillus,7
parus bicolor,6
parus carolinensis,5.8
parus gambeli,8
passer domesticus,5
passerella iliaca,4
passerina caerulea,4
passerina ciris,4
passerina cyanea,3.5
pavo cristatus,5
pecari tajacu,2
pedetes capensis,1
pelea capreolus,1
pelecanoides magellani,1
pelecanoides urinatrix,1
pelecanus conspicillatus,2
pelecanus erythrorhynchos,2
pelecanus occidentalis,3
pelecanus philippensis,3
penaeus monodon,529000
pentalagus furnessi,1
peponocephala electra,1
perameles gunnii,2
perameles nasuta,2.44
perca flavescens,100000
percina evides,247
perdicula asiatica,6.5
perisoreus canadensis,3
perodicticus potto,1
perognathus amplus,4
perognathus fasciatus,5
perognathus flavescens,4
perognathus flavus,4
perognathus inornatus,5
perognathus parvus,4.8
peromyscus attwateri,4
peromyscus aztecus,3.4
peromyscus boylii,3
peromyscus californicus,2
peromyscus crinitus,3.4
peromyscus eremicus,2.6
peromyscus gossypinus,3.7
peromyscus keeni,4.3
peromyscus leucopus,5
peromyscus maniculatus,5
peromyscus polionotus,3.8
peromyscus truei,3.4
peropteryx kappleri,1
peropteryx macrotis,1
peroryctes raffrayana,3
petaurillus hosei,4
petaurista elegans,1
petaurista leucogenys,1.5
petaurista petaurista,1
petauroides volans,1
petaurus australis,1
petaurus breviceps,2
petaurus gracilis,1.55
petaurus norfolcensis,1.5
petrodromus tetradactylus,1.2
petrogale assimilis,1
petrogale brachyotis,1
petrogale concinna,1
petrogale lateralis,1
petrogale penicillata,1
petrogale persephone,1
petrogale xanthopus,1.1
petromus typicus,1.9
petromyscus collinus,2.8
petromyzon marinus,65000
petropseudes dahli,1.5
phacochoerus aethiopicus,2.5
phacochoerus africanus,3
phaeognathus hubrichti,7
phalacrocorax aristotelis,3
phalacrocorax auritus,3
phalacrocorax brasilianus,3.5
phalacrocorax carbo,4
phalaenoptilus nuttallii,4
phalanger gymnotis,1
phalanger orientalis,2
phaner furcifer,1
pharomachrus antisianus,3
pharomachrus auriceps,2
phascogale tapoatafa,6.4
phascolarctos cinereus,1
phasianus colchicus,10
phelsuma madagascariensis,2
phenacobius mirabilis,920
phenacomys intermedius,4.58
pheucticus ludovicianus,4
pheucticus melanocephalus,3.5
phidippus apacheanus,100
phidippus audax,200
philander frenatus,5.4
philander opossum,4.5
philantomba maxwellii,1
philantomba monticola,1
phloeomys cumingi,1
phoca largha,1
phoca vitulina,1
phocarctos hookeri,1
phocoena phocoena,1
phocoena sinus,1
phocoenoides dalli,1
phodopus campbelli,8.2
phodopus sungorus,5.5
phoebastria immutabilis,1
phoebastria nigripes,1
phoebetria palpebrata,1
phoenicoparrus andinus,1.5
phoenicoparrus jamesi,1
phoenicopterus chilensis,1
phoenicopterus roseus,1
phoenicopterus ruber,1
photinus pyralis,500
phyciodes tharos,36
phyllobates terribilis,13.5
phyllostomus hastatus,1
physeter catodon,1
piaractus brachypomus,175000
pica hudsonia,6
picoides arcticus,4.5
picoides borealis,3
picoides pubescens,4.8
picoides scalaris,4
picoides tridactylus,3.4
picoides villosus,4
piliocolobus badius,1
piliocolobus kirkii,1
piliocolobus pennantii,1
piliocolobus rufomitratus,1
pimephales promelas,5500
pinguinus impennis,1
pipistrellus hesperus,2
pipistrellus pipistrellus,1.2
pipistrellus subflavus,2
pipistrellus tenuis,2
piranga ludoviciana,4
piranga olivacea,4
piranga rubra,3.5
pithecia monachus,1
pithecia pithecia,1
pithecophaga jefferyi,1
pituophis catenifer,13
pituophis melanoleucus,8
planigale ingrami,8
planigale tenuirostris,6
planococcus ficus,362
platanista gangetica,1
platyrrhinus lineatus,1
plecotus auritus,1
plecotus austriacus,2.5
plectrophenax nivalis,5
plegadis chihi,3.5
plestiodon fasciatus,16.5
plestiodon laticeps,11
plestiodon obsoletus,12
plethodon cinereus,8
plethodon cylindraceus,21
plethodon glutinosus,21
plethodon jordani,6.5
plethodon nettingi,10
plethodon serratus,7
pluvialis dominica,4
podiceps auritus,6
podiceps cristatus,3.5
podiceps grisegena,4.5
podilymbus podiceps,6
podomys floridanus,2.5
poecilogale albinucha,2.2
poelagus marjorita,2
poiana richardsonii,2.5
polemaetus bellicosus,1
polihierax semitorquatus,3
polioptila caerulea,4
polioptila melanura,4
pollachius virens,4230000
polytelis alexandrae,5
pomacea canaliculata,400
pomoxis annularis,21000
pongo abelii,1
pongo pygmaeus,1
pontoporia blainvillei,1
porcellio scaber,20
porphyrio hochstetteri,1
porphyrio porphyrio,4.5
potamochoerus larvatus,2.5
potamochoerus porcus,3
potamopyrgus antipodarum,21.6
potamotrygon motoro,7
potorous longipes,1
potorous tridactylus,1
potos flavus,1
premnas biaculeatus,550
presbytis melalophos,1
presbytis thomasi,1
priodontes maximus,1
prionace glauca,77.5
prionailurus bengalensis,2.5
prionailurus iriomotensis,1
prionailurus rubiginosus,1.3
prionailurus viverrinus,2
prionodon linsang,2.25
prionodon pardicolor,2
pristiophorus cirratus,10
probosciger aterrimus,1
procapra gutturosa,1
procapra przewalskii,1
procavia capensis,2.4
procolobus verus,1
procyon cancrivorus,3.5
procyon lotor,4
profelis aurata,1.5
progne dominicensis,4
progne subis,4.5
prolemur simus,1
pronolagus rupestris,2
propithecus candidus,1
propithecus coquereli,1
propithecus diadema,1
propithecus edwardsi,1.5
propithecus perrieri,4.36
propithecus tattersalli,1
propithecus verreauxi,1
proteles cristata,3.5
proteus anguinus,35
protonotaria citrea,5
przewalskium albirostris,1
psaltriparus minimus,6
psammobates pardalis,17.5
psammomys obesus,3.5
pseudacris brachyphona,300
pseudacris crucifer,900
pseudacris regilla,37.5
pseudacris streckeri,425
pseudacris triseriata,1000
pseudemys rubriventris,15
pseudocarcharias kamoharai,4
pseudocheirus peregrinus,2
pseudochirulus cinereus,21
pseudochirulus herbertensis,2
pseudochirulus mayeri,1
pseudois nayaur,1.5
pseudomys higginsi,2.3
pseudorca crassidens,1
pseudoryx nghetinhensis,1
pseudotriton montanus,132.5
pseudotriton ruber,80
psittacus erithacus,4
pteridophora alberti,1
pterodroma arminjoniana,1
pteroglossus torquatus,3
pterois antennata,8500
pteromylaeus bovinus,5
pteromys volans,2.6
pteromyscus pulverulentus,1.3
pteronotus davyi,1
pteronotus parnellii,1
pteronura brasiliensis,1.5
pteropus alecto,1.2
pteropus conspicillatus,1
pteropus dasymallus,1
pteropus giganteus,1
pteropus hypomelanus,1
pteropus livingstonii,1
pteropus mariannus,1
pteropus melanotus,1
pteropus poliocephalus,1
pteropus pumilus,1
pteropus rodricensis,1
pteropus rufus,1
pteropus samoensis,1
pteropus scapulatus,1
pteropus tonganus,1.5
pteropus vampyrus,1
ptilocercus lowii,2
ptilopsis granti,3
pudu puda,1
puffinus auricularis,1
pulsatrix perspicillata,2
puma concolor,2.9
puma yagouaroundi,1.9
pusa caspica,1
pusa hispida,1
pusa sibirica,1.5
pygathrix cinerea,1
pygathrix nemaeus,1
pygoscelis adeliae,2
pygoscelis papua,2
pylodictis olivaris,100000
pyrocephalus rubinus,3
python molurus,40
python regius,7
python reticulatus,37.5
python sebae,35
quiscalus mexicanus,3
quiscalus quiscula,5
rabidosa rabida,266.5
raja clavata,150
raja eglanteria,60
rallus elegans,10
ramphastos sulfuratus,3
ramphastos toco,3
rana aurora,2000
rana boylii,900
rana luteiventris,1275
rangifer tarandus,1
raphicerus campestris,1
raphicerus melanotis,1
raphicerus sharpei,1.5
rattus exulans,4
rattus lutreolus,5
rattus norvegicus,9.9
rattus rattus,8
ratufa bicolor,1
ratufa indica,1
recurvirostra americana,4
redunca arundinum,1
redunca fulvorufula,1
redunca redunca,1
regina alleni,6
regina septemvittata,11
regulus calendula,8
reithrodon auritus,4.53
reithrodontomys megalotis,4
reithrodontomys montanus,4
reithrodontomys raviventris,4
rhacodactylus ciliatus,2
rhincodon typus,300
rhinella marina,30000
rhinichthys cataractae,1832
rhinobatos productus,11
rhinoceros sondaicus,1
rhinoceros unicornis,1
rhinolophus blasii,1
rhinolophus capensis,1
rhinolophus denti,1
rhinolophus euryale,1
rhinolophus ferrumequinum,1
rhinolophus hipposideros,1
rhinolophus megaphyllus,1
rhinophylla pumilio,1
rhinopithecus roxellana,1
rhinopoma hardwickii,1
rhinosciurus laticaudatus,1.3
rhodonessa caryophyllacea,9
rhombomys opimus,5.5
rhopalosiphum cerasifoliae,1
rhopalosiphum maidis,40
spermophilus tridecemlineatus,8.5
spermophilus variegatus,4.8
spermophilus washingtoni,8
sphecius speciosus,1
spheniscus demersus,2
spheniscus humboldti,2
spheniscus magellanicus,2
spheniscus mendiculus,5
sphenodon guntheri,6.5
sphiggurus insidiosus,1
sphiggurus mexicanus,1.5
sphyrapicus ruber,4.69
sphyrapicus varius,5
sphyrna lewini,26.5
spilocuscus maculatus,2
spilogale putorius,5
spilornis cheela,1.5
spizella arborea,4
spizella passerina,4
spizella pusilla,3.5
spodoptera exigua,450
squatina californica,6
stagonopleura guttata,6
stauroteuthis syrtensis,900
stegostoma fasciatum,4
stellula calliope,2
stenella attenuata,1
stenella coeruleoalba,1
stenella longirostris,1
stercorarius longicaudus,1
stercorarius parasiticus,1.5
stereolepis gigas,60000000
sterna caspia,2
sterna forsteri,3
sterna hirundo,3
sterna paradisaea,2
sterna sandvicensis,1.5
sternotherus carinatus,4
stoloteuthis leucoptera,200.5
storeria dekayi,22
storeria occipitomaculata,7
streptopelia roseogrisea,2
strigocuscus celebensis,1
strigops habroptila,1.5
strix aluco,2.5
strix nebulosa,2
strix occidentalis,2
strix varia,2.5
strix virgata,1.5
struthidea cinerea,5
sturnella loyca,4
sturnella magna,5
sturnira lilium,1
sturnus vulgaris,5
sula dactylatra,1
sula leucogaster,2
sula nebouxii,2
sula sula,1
